"RealeaseYear","Movie","WorldwideGross","genres"
1933,"The Big Parade",22000000,"Drama"
1933,"The Birth of a Nation",11000000,"Drama"
1933,"King Kong",10001782,"Adventure"
1933,"Ben-Hur: A Tale of the Christ",9000000,"Adventure"
1933,"20,000 Leagues Under the Sea",8000000,"Action"
1933,"The Broadway Melody",4358000,"Drama"
1933,"Over the Hill to the Poorhouse",3000000,"Crime"
1933,"42nd Street",2281000,"Comedy"
1933,"She Done Him Wrong",2200000,"Comedy"
1933,"Mata Hari",900000,"Crime"
1934,"The Big Parade",22000000,"Drama"
1934,"The Birth of a Nation",11000000,"Drama"
1934,"King Kong",10001782,"Adventure"
1934,"Ben-Hur: A Tale of the Christ",9000000,"Adventure"
1934,"20,000 Leagues Under the Sea",8000000,"Action"
1934,"The Broadway Melody",4358000,"Drama"
1934,"Over the Hill to the Poorhouse",3000000,"Crime"
1934,"It Happened One Night",2500000,"Comedy"
1934,"42nd Street",2281000,"Comedy"
1934,"She Done Him Wrong",2200000,"Comedy"
1935,"The Big Parade",22000000,"Drama"
1935,"The Birth of a Nation",11000000,"Drama"
1935,"King Kong",10001782,"Adventure"
1935,"Ben-Hur: A Tale of the Christ",9000000,"Adventure"
1935,"20,000 Leagues Under the Sea",8000000,"Action"
1935,"The Broadway Melody",4358000,"Drama"
1935,"Top Hat",3202000,"Comedy"
1935,"Over the Hill to the Poorhouse",3000000,"Crime"
1935,"It Happened One Night",2500000,"Comedy"
1935,"42nd Street",2281000,"Comedy"
1936,"The Big Parade",22000000,"Drama"
1936,"The Birth of a Nation",11000000,"Drama"
1936,"King Kong",10001782,"Adventure"
1936,"Ben-Hur: A Tale of the Christ",9000000,"Adventure"
1936,"20,000 Leagues Under the Sea",8000000,"Action"
1936,"San Francisco",5273000,"Drama"
1936,"The Broadway Melody",4358000,"Drama"
1936,"Top Hat",3202000,"Comedy"
1936,"Over the Hill to the Poorhouse",3000000,"Crime"
1936,"It Happened One Night",2500000,"Comedy"
1937,"Snow White and the Seven Dwarfs",184925486,"Adventure"
1937,"The Big Parade",22000000,"Drama"
1937,"The Birth of a Nation",11000000,"Drama"
1937,"King Kong",10001782,"Adventure"
1937,"Ben-Hur: A Tale of the Christ",9000000,"Adventure"
1937,"20,000 Leagues Under the Sea",8000000,"Action"
1937,"San Francisco",5273000,"Drama"
1937,"The Broadway Melody",4358000,"Drama"
1937,"Top Hat",3202000,"Comedy"
1937,"Over the Hill to the Poorhouse",3000000,"Crime"
1938,"Snow White and the Seven Dwarfs",184925486,"Adventure"
1938,"The Big Parade",22000000,"Drama"
1938,"The Birth of a Nation",11000000,"Drama"
1938,"King Kong",10001782,"Adventure"
1938,"Ben-Hur: A Tale of the Christ",9000000,"Adventure"
1938,"20,000 Leagues Under the Sea",8000000,"Action"
1938,"San Francisco",5273000,"Drama"
1938,"The Broadway Melody",4358000,"Drama"
1938,"Alexander's Ragtime Band",4000000,"Drama"
1938,"You Can't Take It With You",4000000,"Comedy"
1939,"Gone with the Wind",390525192,"Drama"
1939,"Snow White and the Seven Dwarfs",184925486,"Adventure"
1939,"The Wizard of Oz",34949482,"Adventure"
1939,"The Big Parade",22000000,"Drama"
1939,"The Birth of a Nation",11000000,"Drama"
1939,"King Kong",10001782,"Adventure"
1939,"Ben-Hur: A Tale of the Christ",9000000,"Adventure"
1939,"Mr. Smith Goes To Washington",9000000,"Comedy"
1939,"20,000 Leagues Under the Sea",8000000,"Action"
1939,"San Francisco",5273000,"Drama"
1940,"Gone with the Wind",390525192,"Drama"
1940,"Snow White and the Seven Dwarfs",184925486,"Adventure"
1940,"Pinocchio",84300000,"Adventure"
1940,"Fantasia",83320832,"Others"
1940,"The Wizard of Oz",34949482,"Adventure"
1940,"The Big Parade",22000000,"Drama"
1940,"The Birth of a Nation",11000000,"Drama"
1940,"King Kong",10001782,"Adventure"
1940,"Boom Town",9172000,"Drama"
1940,"Ben-Hur: A Tale of the Christ",9000000,"Adventure"
1941,"Gone with the Wind",390525192,"Drama"
1941,"Snow White and the Seven Dwarfs",184925486,"Adventure"
1941,"Pinocchio",84300000,"Adventure"
1941,"Fantasia",83320832,"Others"
1941,"The Wizard of Oz",34949482,"Adventure"
1941,"The Big Parade",22000000,"Drama"
1941,"The Birth of a Nation",11000000,"Drama"
1941,"King Kong",10001782,"Adventure"
1941,"Boom Town",9172000,"Drama"
1941,"Ben-Hur: A Tale of the Christ",9000000,"Adventure"
1942,"Gone with the Wind",390525192,"Drama"
1942,"Bambi",268000000,"Adventure"
1942,"Snow White and the Seven Dwarfs",184925486,"Adventure"
1942,"Pinocchio",84300000,"Adventure"
1942,"Fantasia",83320832,"Others"
1942,"The Wizard of Oz",34949482,"Adventure"
1942,"The Big Parade",22000000,"Drama"
1942,"The Birth of a Nation",11000000,"Drama"
1942,"King Kong",10001782,"Adventure"
1942,"Boom Town",9172000,"Drama"
1943,"Gone with the Wind",390525192,"Drama"
1943,"Bambi",268000000,"Adventure"
1943,"Snow White and the Seven Dwarfs",184925486,"Adventure"
1943,"Pinocchio",84300000,"Adventure"
1943,"Fantasia",83320832,"Others"
1943,"The Wizard of Oz",34949482,"Adventure"
1943,"The Big Parade",22000000,"Drama"
1943,"The Birth of a Nation",11000000,"Drama"
1943,"Casablanca",10511866,"Drama"
1943,"King Kong",10001782,"Adventure"
1944,"Gone with the Wind",390525192,"Drama"
1944,"Bambi",268000000,"Adventure"
1944,"Snow White and the Seven Dwarfs",184925486,"Adventure"
1944,"Pinocchio",84300000,"Adventure"
1944,"Fantasia",83320832,"Others"
1944,"The Wizard of Oz",34949482,"Adventure"
1944,"The Big Parade",22000000,"Drama"
1944,"The Birth of a Nation",11000000,"Drama"
1944,"Casablanca",10511866,"Drama"
1944,"King Kong",10001782,"Adventure"
1945,"Gone with the Wind",390525192,"Drama"
1945,"Bambi",268000000,"Adventure"
1945,"Snow White and the Seven Dwarfs",184925486,"Adventure"
1945,"Pinocchio",84300000,"Adventure"
1945,"Fantasia",83320832,"Others"
1945,"The Wizard of Oz",34949482,"Adventure"
1945,"The Big Parade",22000000,"Drama"
1945,"The Lost Weekend",11000000,"Drama"
1945,"The Birth of a Nation",11000000,"Drama"
1945,"Casablanca",10511866,"Drama"
1946,"Gone with the Wind",390525192,"Drama"
1946,"Bambi",268000000,"Adventure"
1946,"Snow White and the Seven Dwarfs",184925486,"Adventure"
1946,"Pinocchio",84300000,"Adventure"
1946,"Fantasia",83320832,"Others"
1946,"The Wizard of Oz",34949482,"Adventure"
1946,"Notorious",24492698,"Drama"
1946,"The Best Years of Our Lives",23600000,"Drama"
1946,"The Big Parade",22000000,"Drama"
1946,"Duel in the Sun",20400000,"Drama"
1947,"Gone with the Wind",390525192,"Drama"
1947,"Bambi",268000000,"Adventure"
1947,"Snow White and the Seven Dwarfs",184925486,"Adventure"
1947,"Pinocchio",84300000,"Adventure"
1947,"Fantasia",83320832,"Others"
1947,"The Wizard of Oz",34949482,"Adventure"
1947,"Notorious",24492698,"Drama"
1947,"The Best Years of Our Lives",23600000,"Drama"
1947,"The Big Parade",22000000,"Drama"
1947,"Duel in the Sun",20400000,"Drama"
1948,"Gone with the Wind",390525192,"Drama"
1948,"Bambi",268000000,"Adventure"
1948,"Snow White and the Seven Dwarfs",184925486,"Adventure"
1948,"Pinocchio",84300000,"Adventure"
1948,"Fantasia",83320832,"Others"
1948,"The Wizard of Oz",34949482,"Adventure"
1948,"Notorious",24492698,"Drama"
1948,"The Best Years of Our Lives",23600000,"Drama"
1948,"The Big Parade",22000000,"Drama"
1948,"Duel in the Sun",20400000,"Drama"
1949,"Gone with the Wind",390525192,"Drama"
1949,"Bambi",268000000,"Adventure"
1949,"Snow White and the Seven Dwarfs",184925486,"Adventure"
1949,"Pinocchio",84300000,"Adventure"
1949,"Fantasia",83320832,"Others"
1949,"The Wizard of Oz",34949482,"Adventure"
1949,"Notorious",24492698,"Drama"
1949,"The Best Years of Our Lives",23600000,"Drama"
1949,"The Big Parade",22000000,"Drama"
1949,"Duel in the Sun",20400000,"Drama"
1950,"Gone with the Wind",390525192,"Drama"
1950,"Bambi",268000000,"Adventure"
1950,"Cinderella",263591415,"Others"
1950,"Snow White and the Seven Dwarfs",184925486,"Adventure"
1950,"Pinocchio",84300000,"Adventure"
1950,"Fantasia",83320832,"Others"
1950,"The Wizard of Oz",34949482,"Adventure"
1950,"Notorious",24492698,"Drama"
1950,"The Best Years of Our Lives",23600000,"Drama"
1950,"The Big Parade",22000000,"Drama"
1951,"Gone with the Wind",390525192,"Drama"
1951,"Bambi",268000000,"Adventure"
1951,"Cinderella",263591415,"Others"
1951,"Snow White and the Seven Dwarfs",184925486,"Adventure"
1951,"Pinocchio",84300000,"Adventure"
1951,"Fantasia",83320832,"Others"
1951,"The Wizard of Oz",34949482,"Adventure"
1951,"Quo Vadis?",30028983,"Others"
1951,"Notorious",24492698,"Drama"
1951,"The Best Years of Our Lives",23600000,"Drama"
1952,"Gone with the Wind",390525192,"Drama"
1952,"Bambi",268000000,"Adventure"
1952,"Cinderella",263591415,"Others"
1952,"Snow White and the Seven Dwarfs",184925486,"Adventure"
1952,"Pinocchio",84300000,"Adventure"
1952,"Fantasia",83320832,"Others"
1952,"The Greatest Show on Earth",36000000,"Drama"
1952,"The Wizard of Oz",34949482,"Adventure"
1952,"Quo Vadis?",30028983,"Others"
1952,"Notorious",24492698,"Drama"
1953,"Gone with the Wind",390525192,"Drama"
1953,"Bambi",268000000,"Adventure"
1953,"Cinderella",263591415,"Others"
1953,"Snow White and the Seven Dwarfs",184925486,"Adventure"
1953,"Peter Pan",87400000,"Adventure"
1953,"Pinocchio",84300000,"Adventure"
1953,"Fantasia",83320832,"Others"
1953,"The Robe",36010330,"Drama"
1953,"The Greatest Show on Earth",36000000,"Drama"
1953,"The Wizard of Oz",34949482,"Adventure"
1954,"Gone with the Wind",390525192,"Drama"
1954,"Bambi",268000000,"Adventure"
1954,"Cinderella",263591415,"Others"
1954,"Snow White and the Seven Dwarfs",184925486,"Adventure"
1954,"Peter Pan",87400000,"Adventure"
1954,"Pinocchio",84300000,"Adventure"
1954,"Fantasia",83320832,"Others"
1954,"The Robe",36010330,"Drama"
1954,"The Greatest Show on Earth",36000000,"Drama"
1954,"The Wizard of Oz",34949482,"Adventure"
1955,"Gone with the Wind",390525192,"Drama"
1955,"Bambi",268000000,"Adventure"
1955,"Cinderella",263591415,"Others"
1955,"Snow White and the Seven Dwarfs",184925486,"Adventure"
1955,"Peter Pan",87400000,"Adventure"
1955,"Pinocchio",84300000,"Adventure"
1955,"Fantasia",83320832,"Others"
1955,"The Robe",36010330,"Drama"
1955,"The Greatest Show on Earth",36000000,"Drama"
1955,"The Wizard of Oz",34949482,"Adventure"
1956,"Gone with the Wind",390525192,"Drama"
1956,"Bambi",268000000,"Adventure"
1956,"Cinderella",263591415,"Others"
1956,"Snow White and the Seven Dwarfs",184925486,"Adventure"
1956,"Peter Pan",87400000,"Adventure"
1956,"The Ten Commandments",85433929,"Adventure"
1956,"Pinocchio",84300000,"Adventure"
1956,"Fantasia",83320832,"Others"
1956,"Around the World in 80 Days",42000000,"Adventure"
1956,"The Robe",36010330,"Drama"
1957,"Gone with the Wind",390525192,"Drama"
1957,"Bambi",268000000,"Adventure"
1957,"Cinderella",263591415,"Others"
1957,"Snow White and the Seven Dwarfs",184925486,"Adventure"
1957,"Peter Pan",87400000,"Adventure"
1957,"The Ten Commandments",85433929,"Adventure"
1957,"Pinocchio",84300000,"Adventure"
1957,"Fantasia",83320832,"Others"
1957,"Around the World in 80 Days",42000000,"Adventure"
1957,"The Robe",36010330,"Drama"
1958,"Gone with the Wind",390525192,"Drama"
1958,"Bambi",268000000,"Adventure"
1958,"Cinderella",263591415,"Others"
1958,"Snow White and the Seven Dwarfs",184925486,"Adventure"
1958,"Peter Pan",87400000,"Adventure"
1958,"The Ten Commandments",85433929,"Adventure"
1958,"Pinocchio",84300000,"Adventure"
1958,"Fantasia",83320832,"Others"
1958,"Around the World in 80 Days",42000000,"Adventure"
1958,"The Robe",36010330,"Drama"
1959,"Gone with the Wind",390525192,"Drama"
1959,"Bambi",268000000,"Adventure"
1959,"Cinderella",263591415,"Others"
1959,"Snow White and the Seven Dwarfs",184925486,"Adventure"
1959,"Peter Pan",87400000,"Adventure"
1959,"The Ten Commandments",85433929,"Adventure"
1959,"Pinocchio",84300000,"Adventure"
1959,"Fantasia",83320832,"Others"
1959,"Ben-Hur",73259017,"Adventure"
1959,"Around the World in 80 Days",42000000,"Adventure"
1960,"Gone with the Wind",390525192,"Drama"
1960,"Bambi",268000000,"Adventure"
1960,"Cinderella",263591415,"Others"
1960,"Snow White and the Seven Dwarfs",184925486,"Adventure"
1960,"Peter Pan",87400000,"Adventure"
1960,"The Ten Commandments",85433929,"Adventure"
1960,"Pinocchio",84300000,"Adventure"
1960,"Fantasia",83320832,"Others"
1960,"Ben-Hur",73259017,"Adventure"
1960,"Spartacus",60000000,"Adventure"
1961,"Gone with the Wind",390525192,"Drama"
1961,"Bambi",268000000,"Adventure"
1961,"Cinderella",263591415,"Others"
1961,"Snow White and the Seven Dwarfs",184925486,"Adventure"
1961,"Peter Pan",87400000,"Adventure"
1961,"The Ten Commandments",85433929,"Adventure"
1961,"Pinocchio",84300000,"Adventure"
1961,"Fantasia",83320832,"Others"
1961,"Ben-Hur",73259017,"Adventure"
1961,"Spartacus",60000000,"Adventure"
1962,"Gone with the Wind",390525192,"Drama"
1962,"Bambi",268000000,"Adventure"
1962,"Cinderella",263591415,"Others"
1962,"Snow White and the Seven Dwarfs",184925486,"Adventure"
1962,"Peter Pan",87400000,"Adventure"
1962,"The Ten Commandments",85433929,"Adventure"
1962,"Pinocchio",84300000,"Adventure"
1962,"Fantasia",83320832,"Others"
1962,"Ben-Hur",73259017,"Adventure"
1962,"Lawrence of Arabia",69995047,"Adventure"
1963,"Gone with the Wind",390525192,"Drama"
1963,"Bambi",268000000,"Adventure"
1963,"Cinderella",263591415,"Others"
1963,"Snow White and the Seven Dwarfs",184925486,"Adventure"
1963,"Peter Pan",87400000,"Adventure"
1963,"The Ten Commandments",85433929,"Adventure"
1963,"Pinocchio",84300000,"Adventure"
1963,"Fantasia",83320832,"Others"
1963,"Ben-Hur",73259017,"Adventure"
1963,"Cleopatra",71000000,"Others"
1964,"Gone with the Wind",390525192,"Drama"
1964,"Bambi",268000000,"Adventure"
1964,"Cinderella",263591415,"Others"
1964,"Snow White and the Seven Dwarfs",184925486,"Adventure"
1964,"Goldfinger",124900000,"Action"
1964,"Mary Poppins",102296454,"Comedy"
1964,"Peter Pan",87400000,"Adventure"
1964,"The Ten Commandments",85433929,"Adventure"
1964,"Pinocchio",84300000,"Adventure"
1964,"Fantasia",83320832,"Others"
1965,"Gone with the Wind",390525192,"Drama"
1965,"Bambi",268000000,"Adventure"
1965,"Cinderella",263591415,"Others"
1965,"Snow White and the Seven Dwarfs",184925486,"Adventure"
1965,"Thunderball",141200000,"Action"
1965,"Goldfinger",124900000,"Action"
1965,"Doctor Zhivago",112040388,"Drama"
1965,"Mary Poppins",102296454,"Comedy"
1965,"Peter Pan",87400000,"Adventure"
1965,"The Ten Commandments",85433929,"Adventure"
1966,"Gone with the Wind",390525192,"Drama"
1966,"Bambi",268000000,"Adventure"
1966,"Cinderella",263591415,"Others"
1966,"Snow White and the Seven Dwarfs",184925486,"Adventure"
1966,"Thunderball",141200000,"Action"
1966,"Goldfinger",124900000,"Action"
1966,"Doctor Zhivago",112040388,"Drama"
1966,"Mary Poppins",102296454,"Comedy"
1966,"Peter Pan",87400000,"Adventure"
1966,"The Ten Commandments",85433929,"Adventure"
1967,"Gone with the Wind",390525192,"Drama"
1967,"Bambi",268000000,"Adventure"
1967,"Cinderella",263591415,"Others"
1967,"Snow White and the Seven Dwarfs",184925486,"Adventure"
1967,"Thunderball",141200000,"Action"
1967,"Goldfinger",124900000,"Action"
1967,"Doctor Zhivago",112040388,"Drama"
1967,"You Only Live Twice",111600000,"Action"
1967,"Mary Poppins",102296454,"Comedy"
1967,"Peter Pan",87400000,"Adventure"
1968,"Gone with the Wind",390525192,"Drama"
1968,"Bambi",268000000,"Adventure"
1968,"Cinderella",263591415,"Others"
1968,"Snow White and the Seven Dwarfs",184925486,"Adventure"
1968,"Thunderball",141200000,"Action"
1968,"Goldfinger",124900000,"Action"
1968,"Doctor Zhivago",112040388,"Drama"
1968,"You Only Live Twice",111600000,"Action"
1968,"Mary Poppins",102296454,"Comedy"
1968,"Peter Pan",87400000,"Adventure"
1969,"Gone with the Wind",390525192,"Drama"
1969,"Bambi",268000000,"Adventure"
1969,"Cinderella",263591415,"Others"
1969,"Snow White and the Seven Dwarfs",184925486,"Adventure"
1969,"Thunderball",141200000,"Action"
1969,"Goldfinger",124900000,"Action"
1969,"Doctor Zhivago",112040388,"Drama"
1969,"You Only Live Twice",111600000,"Action"
1969,"Butch Cassidy and the Sundance Kid",102310711,"Others"
1969,"Mary Poppins",102296454,"Comedy"
1970,"Gone with the Wind",390525192,"Drama"
1970,"Bambi",268000000,"Adventure"
1970,"Cinderella",263591415,"Others"
1970,"Snow White and the Seven Dwarfs",184925486,"Adventure"
1970,"Thunderball",141200000,"Action"
1970,"Goldfinger",124900000,"Action"
1970,"Doctor Zhivago",112040388,"Drama"
1970,"You Only Live Twice",111600000,"Action"
1970,"Butch Cassidy and the Sundance Kid",102310711,"Others"
1970,"Mary Poppins",102296454,"Comedy"
1971,"Gone with the Wind",390525192,"Drama"
1971,"Bambi",268000000,"Adventure"
1971,"Cinderella",263591415,"Others"
1971,"Snow White and the Seven Dwarfs",184925486,"Adventure"
1971,"Thunderball",141200000,"Action"
1971,"Goldfinger",124900000,"Action"
1971,"Diamonds Are Forever",115999985,"Action"
1971,"Doctor Zhivago",112040388,"Drama"
1971,"You Only Live Twice",111600000,"Action"
1971,"Butch Cassidy and the Sundance Kid",102310711,"Others"
1972,"Gone with the Wind",390525192,"Drama"
1972,"The Godfather",268500000,"Crime"
1972,"Bambi",268000000,"Adventure"
1972,"Cinderella",263591415,"Others"
1972,"Snow White and the Seven Dwarfs",184925486,"Adventure"
1972,"Thunderball",141200000,"Action"
1972,"Goldfinger",124900000,"Action"
1972,"Diamonds Are Forever",115999985,"Action"
1972,"Doctor Zhivago",112040388,"Drama"
1972,"You Only Live Twice",111600000,"Action"
1973,"The Exorcist",428214478,"Horror"
1973,"Gone with the Wind",390525192,"Drama"
1973,"The Godfather",268500000,"Crime"
1973,"Bambi",268000000,"Adventure"
1973,"Cinderella",263591415,"Others"
1973,"Snow White and the Seven Dwarfs",184925486,"Adventure"
1973,"Live and Let Die",161800000,"Action"
1973,"The Sting",159616327,"Comedy"
1973,"Thunderball",141200000,"Action"
1973,"American Graffiti",140000000,"Comedy"
1974,"The Exorcist",428214478,"Horror"
1974,"Gone with the Wind",390525192,"Drama"
1974,"The Godfather",268500000,"Crime"
1974,"Bambi",268000000,"Adventure"
1974,"Cinderella",263591415,"Others"
1974,"Snow White and the Seven Dwarfs",184925486,"Adventure"
1974,"Live and Let Die",161800000,"Action"
1974,"The Sting",159616327,"Comedy"
1974,"Thunderball",141200000,"Action"
1974,"American Graffiti",140000000,"Comedy"
1975,"Jaws",470700000,"Adventure"
1975,"The Exorcist",428214478,"Horror"
1975,"Gone with the Wind",390525192,"Drama"
1975,"The Godfather",268500000,"Crime"
1975,"Bambi",268000000,"Adventure"
1975,"Cinderella",263591415,"Others"
1975,"Snow White and the Seven Dwarfs",184925486,"Adventure"
1975,"One Flew Over the Cuckoo's Nest",163274115,"Drama"
1975,"Live and Let Die",161800000,"Action"
1975,"The Sting",159616327,"Comedy"
1976,"Jaws",470700000,"Adventure"
1976,"The Exorcist",428214478,"Horror"
1976,"Gone with the Wind",390525192,"Drama"
1976,"The Godfather",268500000,"Crime"
1976,"Bambi",268000000,"Adventure"
1976,"Cinderella",263591415,"Others"
1976,"Rocky",225000000,"Drama"
1976,"Snow White and the Seven Dwarfs",184925486,"Adventure"
1976,"One Flew Over the Cuckoo's Nest",163274115,"Drama"
1976,"Live and Let Die",161800000,"Action"
1977,"Star Wars Ep. IV: A New Hope",775398007,"Action"
1977,"Jaws",470700000,"Adventure"
1977,"The Exorcist",428214478,"Horror"
1977,"Gone with the Wind",390525192,"Drama"
1977,"Close Encounters of the Third Kind",340800479,"Drama"
1977,"The Godfather",268500000,"Crime"
1977,"Bambi",268000000,"Adventure"
1977,"Cinderella",263591415,"Others"
1977,"Rocky",225000000,"Drama"
1977,"The Spy Who Loved Me",185400000,"Action"
1978,"Star Wars Ep. IV: A New Hope",775398007,"Action"
1978,"Jaws",470700000,"Adventure"
1978,"The Exorcist",428214478,"Horror"
1978,"Gone with the Wind",390525192,"Drama"
1978,"Grease",387483897,"Others"
1978,"Close Encounters of the Third Kind",340800479,"Drama"
1978,"Superman",300200000,"Action"
1978,"The Godfather",268500000,"Crime"
1978,"Bambi",268000000,"Adventure"
1978,"Cinderella",263591415,"Others"
1979,"Star Wars Ep. IV: A New Hope",775398007,"Action"
1979,"Jaws",470700000,"Adventure"
1979,"The Exorcist",428214478,"Horror"
1979,"Gone with the Wind",390525192,"Drama"
1979,"Grease",387483897,"Others"
1979,"Close Encounters of the Third Kind",340800479,"Drama"
1979,"Superman",300200000,"Action"
1979,"The Godfather",268500000,"Crime"
1979,"Bambi",268000000,"Adventure"
1979,"Cinderella",263591415,"Others"
1980,"Star Wars Ep. IV: A New Hope",775398007,"Action"
1980,"Star Wars Ep. V: The Empire Strikes Back",549001242,"Action"
1980,"Jaws",470700000,"Adventure"
1980,"The Exorcist",428214478,"Horror"
1980,"Gone with the Wind",390525192,"Drama"
1980,"Grease",387483897,"Others"
1980,"Close Encounters of the Third Kind",340800479,"Drama"
1980,"Superman",300200000,"Action"
1980,"The Godfather",268500000,"Crime"
1980,"Bambi",268000000,"Adventure"
1981,"Star Wars Ep. IV: A New Hope",775398007,"Action"
1981,"Star Wars Ep. V: The Empire Strikes Back",549001242,"Action"
1981,"Jaws",470700000,"Adventure"
1981,"The Exorcist",428214478,"Horror"
1981,"Gone with the Wind",390525192,"Drama"
1981,"Grease",387483897,"Others"
1981,"Raiders of the Lost Ark",367452079,"Action"
1981,"Close Encounters of the Third Kind",340800479,"Drama"
1981,"Superman",300200000,"Action"
1981,"The Godfather",268500000,"Crime"
1982,"E.T. the Extra-Terrestrial",792962972,"Adventure"
1982,"Star Wars Ep. IV: A New Hope",775398007,"Action"
1982,"Star Wars Ep. V: The Empire Strikes Back",549001242,"Action"
1982,"Jaws",470700000,"Adventure"
1982,"The Exorcist",428214478,"Horror"
1982,"Gone with the Wind",390525192,"Drama"
1982,"Grease",387483897,"Others"
1982,"Raiders of the Lost Ark",367452079,"Action"
1982,"Close Encounters of the Third Kind",340800479,"Drama"
1982,"Superman",300200000,"Action"
1983,"E.T. the Extra-Terrestrial",792962972,"Adventure"
1983,"Star Wars Ep. IV: A New Hope",775398007,"Action"
1983,"Star Wars Ep. V: The Empire Strikes Back",549001242,"Action"
1983,"Jaws",470700000,"Adventure"
1983,"The Exorcist",428214478,"Horror"
1983,"Gone with the Wind",390525192,"Drama"
1983,"Grease",387483897,"Others"
1983,"Raiders of the Lost Ark",367452079,"Action"
1983,"Close Encounters of the Third Kind",340800479,"Drama"
1983,"Superman",300200000,"Action"
1984,"E.T. the Extra-Terrestrial",792962972,"Adventure"
1984,"Star Wars Ep. IV: A New Hope",775398007,"Action"
1984,"Star Wars Ep. V: The Empire Strikes Back",549001242,"Action"
1984,"Jaws",470700000,"Adventure"
1984,"The Exorcist",428214478,"Horror"
1984,"Gone with the Wind",390525192,"Drama"
1984,"Grease",387483897,"Others"
1984,"Raiders of the Lost Ark",367452079,"Action"
1984,"Close Encounters of the Third Kind",340800479,"Drama"
1984,"Indiana Jones and the Temple of Doom",333080271,"Action"
1985,"E.T. the Extra-Terrestrial",792962972,"Adventure"
1985,"Star Wars Ep. IV: A New Hope",775398007,"Action"
1985,"Star Wars Ep. V: The Empire Strikes Back",549001242,"Action"
1985,"Jaws",470700000,"Adventure"
1985,"The Exorcist",428214478,"Horror"
1985,"Gone with the Wind",390525192,"Drama"
1985,"Grease",387483897,"Others"
1985,"Back to the Future",385510205,"Adventure"
1985,"Raiders of the Lost Ark",367452079,"Action"
1985,"Close Encounters of the Third Kind",340800479,"Drama"
1986,"E.T. the Extra-Terrestrial",792962972,"Adventure"
1986,"Star Wars Ep. IV: A New Hope",775398007,"Action"
1986,"Star Wars Ep. V: The Empire Strikes Back",549001242,"Action"
1986,"Jaws",470700000,"Adventure"
1986,"The Exorcist",428214478,"Horror"
1986,"Gone with the Wind",390525192,"Drama"
1986,"Grease",387483897,"Others"
1986,"Back to the Future",385510205,"Adventure"
1986,"Raiders of the Lost Ark",367452079,"Action"
1986,"Top Gun",357011945,"Action"
1987,"E.T. the Extra-Terrestrial",792962972,"Adventure"
1987,"Star Wars Ep. IV: A New Hope",775398007,"Action"
1987,"Star Wars Ep. V: The Empire Strikes Back",549001242,"Action"
1987,"Jaws",470700000,"Adventure"
1987,"The Exorcist",428214478,"Horror"
1987,"Gone with the Wind",390525192,"Drama"
1987,"Grease",387483897,"Others"
1987,"Back to the Future",385510205,"Adventure"
1987,"Raiders of the Lost Ark",367452079,"Action"
1987,"Top Gun",357011945,"Action"
1988,"E.T. the Extra-Terrestrial",792962972,"Adventure"
1988,"Star Wars Ep. IV: A New Hope",775398007,"Action"
1988,"Star Wars Ep. V: The Empire Strikes Back",549001242,"Action"
1988,"Jaws",470700000,"Adventure"
1988,"The Exorcist",428214478,"Horror"
1988,"Rain Man",412800000,"Drama"
1988,"Gone with the Wind",390525192,"Drama"
1988,"Grease",387483897,"Others"
1988,"Back to the Future",385510205,"Adventure"
1988,"Raiders of the Lost Ark",367452079,"Action"
1989,"E.T. the Extra-Terrestrial",792962972,"Adventure"
1989,"Star Wars Ep. IV: A New Hope",775398007,"Action"
1989,"Star Wars Ep. V: The Empire Strikes Back",549001242,"Action"
1989,"Indiana Jones and the Last Crusade",474171806,"Action"
1989,"Jaws",470700000,"Adventure"
1989,"The Exorcist",428214478,"Horror"
1989,"Rain Man",412800000,"Drama"
1989,"Batman",411348924,"Action"
1989,"Gone with the Wind",390525192,"Drama"
1989,"Grease",387483897,"Others"
1990,"E.T. the Extra-Terrestrial",792962972,"Adventure"
1990,"Star Wars Ep. IV: A New Hope",775398007,"Action"
1990,"Star Wars Ep. V: The Empire Strikes Back",549001242,"Action"
1990,"Ghost",517600000,"Drama"
1990,"Home Alone",476684675,"Comedy"
1990,"Indiana Jones and the Last Crusade",474171806,"Action"
1990,"Jaws",470700000,"Adventure"
1990,"Pretty Woman",432566361,"Comedy"
1990,"The Exorcist",428214478,"Horror"
1990,"Dances with Wolves",424208805,"Adventure"
1991,"E.T. the Extra-Terrestrial",792962972,"Adventure"
1991,"Star Wars Ep. IV: A New Hope",775398007,"Action"
1991,"Star Wars Ep. V: The Empire Strikes Back",549001242,"Action"
1991,"Ghost",517600000,"Drama"
1991,"Terminator 2: Judgment Day",515390883,"Action"
1991,"Home Alone",476684675,"Comedy"
1991,"Indiana Jones and the Last Crusade",474171806,"Action"
1991,"Jaws",470700000,"Adventure"
1991,"Beauty and the Beast",438656843,"Others"
1991,"Pretty Woman",432566361,"Comedy"
1992,"E.T. the Extra-Terrestrial",792962972,"Adventure"
1992,"Star Wars Ep. IV: A New Hope",775398007,"Action"
1992,"Star Wars Ep. V: The Empire Strikes Back",549001242,"Action"
1992,"Ghost",517600000,"Drama"
1992,"Terminator 2: Judgment Day",515390883,"Action"
1992,"Aladdin",504050219,"Adventure"
1992,"Home Alone",476684675,"Comedy"
1992,"Indiana Jones and the Last Crusade",474171806,"Action"
1992,"Jaws",470700000,"Adventure"
1992,"Beauty and the Beast",438656843,"Others"
1993,"Jurassic Park",1045573035,"Action"
1993,"E.T. the Extra-Terrestrial",792962972,"Adventure"
1993,"Star Wars Ep. IV: A New Hope",775398007,"Action"
1993,"Star Wars Ep. V: The Empire Strikes Back",549001242,"Action"
1993,"Ghost",517600000,"Drama"
1993,"Terminator 2: Judgment Day",515390883,"Action"
1993,"Aladdin",504050219,"Adventure"
1993,"Home Alone",476684675,"Comedy"
1993,"Indiana Jones and the Last Crusade",474171806,"Action"
1993,"Jaws",470700000,"Adventure"
1994,"Jurassic Park",1045573035,"Action"
1994,"The Lion King",986214868,"Adventure"
1994,"E.T. the Extra-Terrestrial",792962972,"Adventure"
1994,"Star Wars Ep. IV: A New Hope",775398007,"Action"
1994,"Forrest Gump",679838260,"Drama"
1994,"Star Wars Ep. V: The Empire Strikes Back",549001242,"Action"
1994,"Ghost",517600000,"Drama"
1994,"Terminator 2: Judgment Day",515390883,"Action"
1994,"Aladdin",504050219,"Adventure"
1994,"Home Alone",476684675,"Comedy"
1995,"Jurassic Park",1045573035,"Action"
1995,"The Lion King",986214868,"Adventure"
1995,"E.T. the Extra-Terrestrial",792962972,"Adventure"
1995,"Star Wars Ep. IV: A New Hope",775398007,"Action"
1995,"Forrest Gump",679838260,"Drama"
1995,"Star Wars Ep. V: The Empire Strikes Back",549001242,"Action"
1995,"Ghost",517600000,"Drama"
1995,"Terminator 2: Judgment Day",515390883,"Action"
1995,"Aladdin",504050219,"Adventure"
1995,"Home Alone",476684675,"Comedy"
1996,"Jurassic Park",1045573035,"Action"
1996,"The Lion King",986214868,"Adventure"
1996,"Independence Day",817400878,"Action"
1996,"E.T. the Extra-Terrestrial",792962972,"Adventure"
1996,"Star Wars Ep. IV: A New Hope",775398007,"Action"
1996,"Forrest Gump",679838260,"Drama"
1996,"Star Wars Ep. V: The Empire Strikes Back",549001242,"Action"
1996,"Ghost",517600000,"Drama"
1996,"Terminator 2: Judgment Day",515390883,"Action"
1996,"Aladdin",504050219,"Adventure"
1997,"Titanic",2207986545,"Drama"
1997,"Jurassic Park",1045573035,"Action"
1997,"The Lion King",986214868,"Adventure"
1997,"Independence Day",817400878,"Action"
1997,"E.T. the Extra-Terrestrial",792962972,"Adventure"
1997,"Star Wars Ep. IV: A New Hope",775398007,"Action"
1997,"Forrest Gump",679838260,"Drama"
1997,"The Lost World: Jurassic Park",618638999,"Action"
1997,"Men in Black",587790539,"Action"
1997,"Star Wars Ep. V: The Empire Strikes Back",549001242,"Action"
1998,"Titanic",2207986545,"Drama"
1998,"Jurassic Park",1045573035,"Action"
1998,"The Lion King",986214868,"Adventure"
1998,"Independence Day",817400878,"Action"
1998,"E.T. the Extra-Terrestrial",792962972,"Adventure"
1998,"Star Wars Ep. IV: A New Hope",775398007,"Action"
1998,"Forrest Gump",679838260,"Drama"
1998,"The Lost World: Jurassic Park",618638999,"Action"
1998,"Men in Black",587790539,"Action"
1998,"Armageddon",554600000,"Action"
1999,"Titanic",2207986545,"Drama"
1999,"Jurassic Park",1045573035,"Action"
1999,"Star Wars Ep. I: The Phantom Menace",1027044677,"Action"
1999,"The Lion King",986214868,"Adventure"
1999,"Independence Day",817400878,"Action"
1999,"E.T. the Extra-Terrestrial",792962972,"Adventure"
1999,"Star Wars Ep. IV: A New Hope",775398007,"Action"
1999,"Forrest Gump",679838260,"Drama"
1999,"The Sixth Sense",672806292,"Drama"
1999,"The Lost World: Jurassic Park",618638999,"Action"
2000,"Titanic",2207986545,"Drama"
2000,"Jurassic Park",1045573035,"Action"
2000,"Star Wars Ep. I: The Phantom Menace",1027044677,"Action"
2000,"The Lion King",986214868,"Adventure"
2000,"Independence Day",817400878,"Action"
2000,"E.T. the Extra-Terrestrial",792962972,"Adventure"
2000,"Star Wars Ep. IV: A New Hope",775398007,"Action"
2000,"Forrest Gump",679838260,"Drama"
2000,"The Sixth Sense",672806292,"Drama"
2000,"The Lost World: Jurassic Park",618638999,"Action"
2001,"Titanic",2207986545,"Drama"
2001,"Jurassic Park",1045573035,"Action"
2001,"Star Wars Ep. I: The Phantom Menace",1027044677,"Action"
2001,"The Lion King",986214868,"Adventure"
2001,"The Lord of the Rings: The Fellowship of the Ring",891216824,"Action"
2001,"Independence Day",817400878,"Action"
2001,"E.T. the Extra-Terrestrial",792962972,"Adventure"
2001,"Star Wars Ep. IV: A New Hope",775398007,"Action"
2001,"Forrest Gump",679838260,"Drama"
2001,"The Sixth Sense",672806292,"Drama"
2002,"Titanic",2207986545,"Drama"
2002,"Jurassic Park",1045573035,"Action"
2002,"Star Wars Ep. I: The Phantom Menace",1027044677,"Action"
2002,"The Lion King",986214868,"Adventure"
2002,"The Lord of the Rings: The Two Towers",919148764,"Action"
2002,"The Lord of the Rings: The Fellowship of the Ring",891216824,"Action"
2002,"Harry Potter and the Chamber of Secrets",875262553,"Adventure"
2002,"Spider-Man",821706375,"Action"
2002,"Independence Day",817400878,"Action"
2002,"E.T. the Extra-Terrestrial",792962972,"Adventure"
2003,"Titanic",2207986545,"Drama"
2003,"The Lord of the Rings: The Return of the King",1120214046,"Action"
2003,"Jurassic Park",1045573035,"Action"
2003,"Star Wars Ep. I: The Phantom Menace",1027044677,"Action"
2003,"The Lion King",986214868,"Adventure"
2003,"Finding Nemo",936094852,"Adventure"
2003,"The Lord of the Rings: The Two Towers",919148764,"Action"
2003,"The Lord of the Rings: The Fellowship of the Ring",891216824,"Action"
2003,"Harry Potter and the Chamber of Secrets",875262553,"Adventure"
2003,"Spider-Man",821706375,"Action"
2004,"Titanic",2207986545,"Drama"
2004,"The Lord of the Rings: The Return of the King",1120214046,"Action"
2004,"Jurassic Park",1045573035,"Action"
2004,"Star Wars Ep. I: The Phantom Menace",1027044677,"Action"
2004,"The Lion King",986214868,"Adventure"
2004,"Finding Nemo",936094852,"Adventure"
2004,"Shrek 2",935253978,"Adventure"
2004,"The Lord of the Rings: The Two Towers",919148764,"Action"
2004,"The Lord of the Rings: The Fellowship of the Ring",891216824,"Action"
2004,"Harry Potter and the Chamber of Secrets",875262553,"Adventure"
2005,"Titanic",2207986545,"Drama"
2005,"The Lord of the Rings: The Return of the King",1120214046,"Action"
2005,"Jurassic Park",1045573035,"Action"
2005,"Star Wars Ep. I: The Phantom Menace",1027044677,"Action"
2005,"The Lion King",986214868,"Adventure"
2005,"Finding Nemo",936094852,"Adventure"
2005,"Shrek 2",935253978,"Adventure"
2005,"The Lord of the Rings: The Two Towers",919148764,"Action"
2005,"The Lord of the Rings: The Fellowship of the Ring",891216824,"Action"
2005,"Harry Potter and the Goblet of Fire",887070413,"Adventure"
2006,"Titanic",2207986545,"Drama"
2006,"The Lord of the Rings: The Return of the King",1120214046,"Action"
2006,"Pirates of the Caribbean: Dead Man’s Chest",1066179725,"Action"
2006,"Jurassic Park",1045573035,"Action"
2006,"Star Wars Ep. I: The Phantom Menace",1027044677,"Action"
2006,"The Lion King",986214868,"Adventure"
2006,"Finding Nemo",936094852,"Adventure"
2006,"Shrek 2",935253978,"Adventure"
2006,"The Lord of the Rings: The Two Towers",919148764,"Action"
2006,"The Lord of the Rings: The Fellowship of the Ring",891216824,"Action"
2007,"Titanic",2207986545,"Drama"
2007,"The Lord of the Rings: The Return of the King",1120214046,"Action"
2007,"Pirates of the Caribbean: Dead Man’s Chest",1066179725,"Action"
2007,"Jurassic Park",1045573035,"Action"
2007,"Star Wars Ep. I: The Phantom Menace",1027044677,"Action"
2007,"The Lion King",986214868,"Adventure"
2007,"Pirates of the Caribbean: At World’s End",960996492,"Action"
2007,"Harry Potter and the Order of the Phoenix",940043931,"Action"
2007,"Finding Nemo",936094852,"Adventure"
2007,"Shrek 2",935253978,"Adventure"
2008,"Titanic",2207986545,"Drama"
2008,"The Lord of the Rings: The Return of the King",1120214046,"Action"
2008,"Pirates of the Caribbean: Dead Man’s Chest",1066179725,"Action"
2008,"Jurassic Park",1045573035,"Action"
2008,"Star Wars Ep. I: The Phantom Menace",1027044677,"Action"
2008,"The Dark Knight",998615789,"Action"
2008,"The Lion King",986214868,"Adventure"
2008,"Pirates of the Caribbean: At World’s End",960996492,"Action"
2008,"Harry Potter and the Order of the Phoenix",940043931,"Action"
2008,"Finding Nemo",936094852,"Adventure"
2009,"Avatar",2845899541,"Action"
2009,"Titanic",2207986545,"Drama"
2009,"The Lord of the Rings: The Return of the King",1120214046,"Action"
2009,"Pirates of the Caribbean: Dead Man’s Chest",1066179725,"Action"
2009,"Jurassic Park",1045573035,"Action"
2009,"Star Wars Ep. I: The Phantom Menace",1027044677,"Action"
2009,"The Dark Knight",998615789,"Action"
2009,"The Lion King",986214868,"Adventure"
2009,"Pirates of the Caribbean: At World’s End",960996492,"Action"
2009,"Harry Potter and the Order of the Phoenix",940043931,"Action"
2010,"Avatar",2845899541,"Action"
2010,"Titanic",2207986545,"Drama"
2010,"The Lord of the Rings: The Return of the King",1120214046,"Action"
2010,"Toy Story 3",1068879522,"Adventure"
2010,"Pirates of the Caribbean: Dead Man’s Chest",1066179725,"Action"
2010,"Jurassic Park",1045573035,"Action"
2010,"Star Wars Ep. I: The Phantom Menace",1027044677,"Action"
2010,"Alice in Wonderland",1025491110,"Adventure"
2010,"The Dark Knight",998615789,"Action"
2010,"The Lion King",986214868,"Adventure"
2011,"Avatar",2845899541,"Action"
2011,"Titanic",2207986545,"Drama"
2011,"Transformers: Dark of the Moon",1123794079,"Action"
2011,"The Lord of the Rings: The Return of the King",1120214046,"Action"
2011,"Toy Story 3",1068879522,"Adventure"
2011,"Pirates of the Caribbean: Dead Man’s Chest",1066179725,"Action"
2011,"Pirates of the Caribbean: On Stranger Tides",1045713802,"Action"
2011,"Jurassic Park",1045573035,"Action"
2011,"Star Wars Ep. I: The Phantom Menace",1027044677,"Action"
2011,"Alice in Wonderland",1025491110,"Adventure"
2012,"Avatar",2845899541,"Action"
2012,"Titanic",2207986545,"Drama"
2012,"The Avengers",1515100211,"Action"
2012,"Transformers: Dark of the Moon",1123794079,"Action"
2012,"The Lord of the Rings: The Return of the King",1120214046,"Action"
2012,"Skyfall",1110526981,"Action"
2012,"The Dark Knight Rises",1082228107,"Action"
2012,"Toy Story 3",1068879522,"Adventure"
2012,"Pirates of the Caribbean: Dead Man’s Chest",1066179725,"Action"
2012,"Pirates of the Caribbean: On Stranger Tides",1045713802,"Action"
2013,"Avatar",2845899541,"Action"
2013,"Titanic",2207986545,"Drama"
2013,"The Avengers",1515100211,"Action"
2013,"Frozen",1265767173,"Adventure"
2013,"Iron Man 3",1215392272,"Action"
2013,"Transformers: Dark of the Moon",1123794079,"Action"
2013,"The Lord of the Rings: The Return of the King",1120214046,"Action"
2013,"Skyfall",1110526981,"Action"
2013,"The Dark Knight Rises",1082228107,"Action"
2013,"Toy Story 3",1068879522,"Adventure"
2014,"Avatar",2845899541,"Action"
2014,"Titanic",2207986545,"Drama"
2014,"The Avengers",1515100211,"Action"
2014,"Frozen",1265767173,"Adventure"
2014,"Iron Man 3",1215392272,"Action"
2014,"Transformers: Dark of the Moon",1123794079,"Action"
2014,"The Lord of the Rings: The Return of the King",1120214046,"Action"
2014,"Skyfall",1110526981,"Action"
2014,"Transformers: Age of Extinction",1104054072,"Action"
2014,"The Dark Knight Rises",1082228107,"Action"
2015,"Avatar",2845899541,"Action"
2015,"Titanic",2207986545,"Drama"
2015,"Star Wars Ep. VII: The Force Awakens",2064615817,"Others"
2015,"Jurassic World",1669979967,"Action"
2015,"Furious 7",1516881526,"Action"
2015,"The Avengers",1515100211,"Action"
2015,"Avengers: Age of Ultron",1395316979,"Action"
2015,"Frozen",1265767173,"Adventure"
2015,"Iron Man 3",1215392272,"Action"
2015,"Minions",1159631140,"Adventure"
2016,"Avatar",2845899541,"Action"
2016,"Titanic",2207986545,"Drama"
2016,"Star Wars Ep. VII: The Force Awakens",2064615817,"Others"
2016,"Jurassic World",1669979967,"Action"
2016,"Furious 7",1516881526,"Action"
2016,"The Avengers",1515100211,"Action"
2016,"Avengers: Age of Ultron",1395316979,"Action"
2016,"Frozen",1265767173,"Adventure"
2016,"Iron Man 3",1215392272,"Action"
2016,"Minions",1159631140,"Adventure"
2017,"Avatar",2845899541,"Action"
2017,"Titanic",2207986545,"Drama"
2017,"Star Wars Ep. VII: The Force Awakens",2064615817,"Others"
2017,"Jurassic World",1669979967,"Action"
2017,"Furious 7",1516881526,"Action"
2017,"The Avengers",1515100211,"Action"
2017,"Avengers: Age of Ultron",1395316979,"Action"
2017,"Frozen",1265767173,"Adventure"
2017,"Beauty and the Beast",1253802559,"Adventure"
2017,"The Fate of the Furious",1236703796,"Action"
2018,"Avatar",2845899541,"Action"
2018,"Titanic",2207986545,"Drama"
2018,"Star Wars Ep. VII: The Force Awakens",2064615817,"Others"
2018,"Avengers: Infinity War",2044540523,"Action"
2018,"Jurassic World",1669979967,"Action"
2018,"Furious 7",1516881526,"Action"
2018,"The Avengers",1515100211,"Action"
2018,"Avengers: Age of Ultron",1395316979,"Action"
2018,"Black Panther",1336494321,"Action"
2018,"Jurassic World: Fallen Kingdom",1308334005,"Action"
2019,"Avatar",2845899541,"Action"
2019,"Avengers: Endgame",2797800564,"Action"
2019,"Titanic",2207986545,"Drama"
2019,"Star Wars Ep. VII: The Force Awakens",2064615817,"Others"
2019,"Avengers: Infinity War",2044540523,"Action"
2019,"Jurassic World",1669979967,"Action"
2019,"The Lion King",1654367425,"Adventure"
2019,"Furious 7",1516881526,"Action"
2019,"The Avengers",1515100211,"Action"
2019,"Frozen II",1445182280,"Adventure"
2020,"Avatar",2845899541,"Action"
2020,"Avengers: Endgame",2797800564,"Action"
2020,"Titanic",2207986545,"Drama"
2020,"Star Wars Ep. VII: The Force Awakens",2064615817,"Others"
2020,"Avengers: Infinity War",2044540523,"Action"
2020,"Jurassic World",1669979967,"Action"
2020,"The Lion King",1654367425,"Adventure"
2020,"Furious 7",1516881526,"Action"
2020,"The Avengers",1515100211,"Action"
2020,"Frozen II",1445182280,"Adventure"
2021,"Avatar",2845899541,"Action"
2021,"Avengers: Endgame",2797800564,"Action"
2021,"Titanic",2207986545,"Drama"
2021,"Star Wars Ep. VII: The Force Awakens",2064615817,"Others"
2021,"Avengers: Infinity War",2044540523,"Action"
2021,"Jurassic World",1669979967,"Action"
2021,"The Lion King",1654367425,"Adventure"
2021,"Furious 7",1516881526,"Action"
2021,"The Avengers",1515100211,"Action"
2021,"Frozen II",1445182280,"Adventure"
